<application>
  <component name="CodotaSettings">
    <option name="methodCompletionsPercentageSet" value="true" />
    <option name="id" value="222e4417-d778-4544-b77c-7f2fed15f22b" />
    <option name="wasRunBefore" value="true" />
    <option name="firstRun" value="1651029909053" />
    <option name="generation" value="129" />
    <option name="updateGeneration" value="1" />
    <option name="isInJSBeta" value="YES" />
    <option name="isMethodCompletionsPercentageActive" value="true" />
    <option name="isMethodCompletionsPercentageSet" value="true" />
    <option name="featureFlags">
      <map>
        <entry key="deep-completions" value="true" />
      </map>
    </option>
    <option name="testedFeatureFlags">
      <set>
        <option value="deep-completions" />
      </set>
    </option>
    <option name="everTurnedOnFeatureFlags">
      <set>
        <option value="deep-completions" />
      </set>
    </option>
  </component>
</application>