<application>
  <component name="FeatureSuggesterSettings">
    <option name="workingDays">
      <list>
        <option value="1652751255257" />
        <option value="1652836626941" />
        <option value="1652922695336" />
        <option value="1653009253432" />
        <option value="1653101687497" />
        <option value="1653200727825" />
        <option value="1653269667047" />
        <option value="1653354804060" />
        <option value="1653442740668" />
        <option value="1653619348624" />
        <option value="1653706846785" />
        <option value="1653872938076" />
        <option value="1653959878313" />
        <option value="1654045933065" />
        <option value="1654134130921" />
        <option value="1654224397390" />
        <option value="1654313166472" />
        <option value="1654479751945" />
        <option value="1654569923780" />
        <option value="1654650747894" />
        <option value="1654739053634" />
        <option value="1654826116495" />
        <option value="1655082934882" />
        <option value="1655168848807" />
        <option value="1655348665400" />
        <option value="1655451756280" />
        <option value="1655523581232" />
        <option value="1655688720526" />
        <option value="1655774385738" />
        <option value="1655860240485" />
      </list>
    </option>
  </component>
</application>