<application>
  <component name="ProjectManager">
    <defaultProject>
      <component name="AutoImportSettings">
        <option name="autoReloadType" value="SELECTIVE" />
      </component>
      <component name="MavenImportPreferences">
        <option name="generalSettings">
          <MavenGeneralSettings>
            <option name="localRepository" value="D:\Program Files\apache\apache-maven-3.6.3\repository" />
            <option name="mavenHome" value="D:\Program Files\apache\apache-maven-3.6.3" />
            <option name="userSettingsFile" value="D:\Program Files\apache\apache-maven-3.6.3\conf\settings.xml" />
          </MavenGeneralSettings>
        </option>
      </component>
      <component name="ProjectInspectionProfilesVisibleTreeState">
        <entry key="Project Default">
          <profile-state>
            <expanded-state>
              <State />
            </expanded-state>
            <selected-state>
              <State>
                <id>Angular</id>
              </State>
            </selected-state>
          </profile-state>
        </entry>
      </component>
      <component name="PropertiesComponent"><![CDATA[{
  "keyToString": {
    "node.js.selected.package.eslint": "(autodetect)",
    "node.js.selected.package.standard": "",
    "node.js.selected.package.tslint": "(autodetect)",
    "settings.editor.selected.configurable": "editor.reader.mode"
  }
}]]></component>
    </defaultProject>
  </component>
</application>