<application>
  <component name="ProjectManager">
    <defaultProject>
      <component name="AutoImportSettings">
        <option name="autoReloadType" value="SELECTIVE" />
      </component>
      <component name="MavenImportPreferences">
        <option name="generalSettings">
          <MavenGeneralSettings>
            <option name="localRepository" value="D:\Program Files\apache\apache-maven-3.6.3\repository" />
            <option name="mavenHome" value="D:\Program Files\apache\apache-maven-3.6.3" />
            <option name="userSettingsFile" value="D:\Program Files\apache\apache-maven-3.6.3\conf\settings.xml" />
          </MavenGeneralSettings>
        </option>
      </component>
      <component name="PropertiesComponent">
        <property name="settings.editor.selected.configurable" value="com.gitee.ui.GiteeSettingsConfigurable" />
      </component>
    </defaultProject>
  </component>
</application>