<application>
  <component name="ProjectManager">
    <defaultProject>
      <component name="AutoImportSettings">
        <option name="autoReloadType" value="SELECTIVE" />
      </component>
      <component name="EslintConfiguration">
        <option name="fix-on-save" value="true" />
      </component>
      <component name="MavenImportPreferences">
        <option name="generalSettings">
          <MavenGeneralSettings>
            <option name="localRepository" value="D:\Program Files\apache\apache-maven-3.6.3\repository" />
            <option name="mavenHome" value="D:\Program Files\apache\apache-maven-3.6.3" />
            <option name="userSettingsFile" value="D:\Program Files\apache\apache-maven-3.6.3\conf\settings.xml" />
          </MavenGeneralSettings>
        </option>
      </component>
      <component name="PropertiesComponent"><![CDATA[{
  "keyToString": {
    "node.js.selected.package.eslint": "(autodetect)",
    "node.js.selected.package.standard": "",
    "node.js.selected.package.tslint": "(autodetect)",
    "settings.editor.selected.configurable": "settings.javascript.linters.eslint"
  }
}]]></component>
    </defaultProject>
  </component>
</application>