<application>
  <component name="FeatureSuggesterSettings">
    <option name="workingDays">
      <list>
        <option value="1655874963224" />
        <option value="1655913655515" />
        <option value="1656034423633" />
        <option value="1656150427772" />
        <option value="1656174193001" />
        <option value="1656295117932" />
        <option value="1656353255167" />
        <option value="1656465283212" />
        <option value="1656573685449" />
        <option value="1656660497567" />
        <option value="1656897349650" />
        <option value="1656983791991" />
        <option value="1657069624859" />
        <option value="1657156003842" />
        <option value="1657242564298" />
        <option value="1657436555892" />
        <option value="1657472840365" />
        <option value="1657587963658" />
        <option value="1657681296849" />
        <option value="1657769073713" />
      </list>
    </option>
  </component>
</application>