<application>
  <component name="FeatureSuggesterSettings">
    <option name="workingDays">
      <list>
        <option value="1655874963224" />
        <option value="1655913655515" />
        <option value="1656034423633" />
        <option value="1656150427772" />
        <option value="1656174193001" />
        <option value="1656295117932" />
        <option value="1656353255167" />
        <option value="1656465283212" />
        <option value="1656573685449" />
        <option value="1656660497567" />
      </list>
    </option>
  </component>
</application>