<application>
  <component name="ProjectManager">
    <defaultProject>
      <component name="AutoImportSettings">
        <option name="autoReloadType" value="SELECTIVE" />
      </component>
      <component name="Encoding" native2AsciiForPropertiesFiles="true" defaultCharsetForPropertiesFiles="UTF-8">
        <file url="PROJECT" charset="UTF-8" />
      </component>
      <component name="MavenImportPreferences">
        <option name="generalSettings">
          <MavenGeneralSettings>
            <option name="localRepository" value="D:\Program Files\apache\apache-maven-3.8.4\repository" />
            <option name="mavenHome" value="D:/Program Files/apache/apache-maven-3.8.4" />
            <option name="userSettingsFile" value="D:\Program Files\apache\apache-maven-3.8.4\conf\settings.xml" />
          </MavenGeneralSettings>
        </option>
      </component>
      <component name="PropertiesComponent">
        <property name="settings.editor.selected.configurable" value="vcs.Subversion" />
      </component>
      <component name="SvnConfiguration">
        <configuration>C:\Users\19036\AppData\Roaming\Subversion</configuration>
      </component>
      <component name="masterDetails">
        <states>
          <state key="ProjectJDKs.UI">
            <settings>
              <last-edited>1.7</last-edited>
              <splitter-proportions>
                <option name="proportions">
                  <list>
                    <option value="0.2" />
                  </list>
                </option>
              </splitter-proportions>
            </settings>
          </state>
        </states>
      </component>
    </defaultProject>
  </component>
</application>