<application>
  <component name="MavenWrapperMapping">
    <option name="mapping">
      <map>
        <entry key="https://repo1.maven.org/maven2/org/apache/maven/apache-maven/3.5.3/apache-maven-3.5.3-bin.zip" value="C:\Users\19036\.m2\wrapper\dists\apache-maven-3.5.3-bin\2c22a6s60afpuloj4v181qvild\apache-maven-3.5.3" />
        <entry key="https://repo1.maven.org/maven2/org/apache/maven/apache-maven/3.8.1/apache-maven-3.8.1-bin.zip" value="C:\Users\19036\.m2\wrapper\dists\apache-maven-3.8.1-bin\5jr7905sp869ck60ofuug4vpod\apache-maven-3.8.1" />
      </map>
    </option>
  </component>
</application>